{
    "firstInstall": false,
    "MaskGui": {
        "x": 288,
        "y": 475.5,
        "scale": 1.450000000000003
    },
    "eetitles": {
        "x": 116.27118644067797,
        "y": 154.23728813559322,
        "scale": 2.95
    },
    "CrystalInfo": {
        "x": 432.5,
        "y": 257.5,
        "scale": 3.0999999999999996
    },
    "predevTimer": {
        "pb": 999999999
    },
    "terminal": {
        "x": 584,
        "y": 489.5,
        "scale": 2.1999999999999993
    },
    "WitherStuck": {
        "x": 444.5,
        "y": 276.5,
        "scale": 2.5500000000000016
    },
    "KeyPickup": {
        "x": 459.5,
        "y": 278.5,
        "scale": 1.8500000000000034
    },
    "BloodDone": {
        "x": 420,
        "y": 279,
        "scale": 2.2500000000000027
    },
    "BatTitle": {
        "x": 457.5,
        "y": 280,
        "scale": 2.450000000000002
    },
    "Wish": {
        "x": 439.5,
        "y": 280,
        "scale": 3.6499999999999977
    },
    "Cloak": {
        "x": 470,
        "y": 282.5,
        "scale": 2.2500000000000027
    },
    "AutoPet": {
        "x": 484.5,
        "y": 282.5,
        "scale": 3
    },
    "p3StartTimer": {
        "x": 480.5,
        "y": 230.5,
        "scale": 2.8500000000000005
    },
    "goldorTickTimer": {
        "x": 691.5,
        "y": 409.5,
        "scale": 4.149999999999996
    },
    "MelodyWarning": {
        "x": 497,
        "y": 316.5,
        "scale": 1.6500000000000006
    },
    "key": "",
    "p3StartTimert": {
        "x": 213.5,
        "y": 130,
        "scale": 3
    },
    "SectionDone": {
        "scale": 2.549999999999999,
        "x": 449,
        "y": 426
    }
}