{
    "firstInstall": true,
    "MaskGui": {
        "x": 415,
        "y": 313.5,
        "scale": 2.0000000000000036
    },
    "eetitles": {
        "x": 130.92592592592587,
        "y": 161.29629629629622,
        "scale": 2.700000000000001
    },
    "CrystalInfo": {
        "x": 460.5,
        "y": 402.5,
        "scale": 2.700000000000001
    },
    "predevTimer": {
        "pb": 999999999
    },
    "terminal": {
        "x": 311,
        "y": 418,
        "scale": 1.95
    },
    "WitherStuck": {
        "x": 438.5,
        "y": 280,
        "scale": 2.8500000000000005
    },
    "KeyPickup": {
        "x": 446,
        "y": 198.5,
        "scale": 2.200000000000003
    },
    "BloodDone": {
        "x": 415,
        "y": 189.5,
        "scale": 2.2500000000000027
    },
    "BatTitle": {
        "x": 421.5,
        "y": 218.5,
        "scale": 2.450000000000002
    },
    "Wish": {
        "x": 447.5,
        "y": 290.5,
        "scale": 3
    },
    "Cloak": {
        "x": 477.5,
        "y": 284.5,
        "scale": 3
    },
    "AutoPet": {
        "x": 480,
        "y": 280,
        "scale": 3
    },
    "key": "",
    "SectionDone": {
        "scale": 1.3000000000000003,
        "x": 464,
        "y": 278.5
    }
}