{
    "firstInstall": false,
    "MaskGui": {
        "x": 288,
        "y": 475.5,
        "scale": 1.450000000000003
    },
    "eetitles": {
        "x": 134.61538461538453,
        "y": 175.3846153846153,
        "scale": 2.6000000000000014
    },
    "CrystalInfo": {
        "x": 482,
        "y": 230.5,
        "scale": 3.0999999999999996
    },
    "predevTimer": {
        "pb": 999999999
    },
    "terminal": {
        "x": 354.5,
        "y": 419.5,
        "scale": 1.6999999999999995
    },
    "WitherStuck": {
        "x": 453,
        "y": 274,
        "scale": 2.0500000000000034
    },
    "KeyPickup": {
        "x": 459.5,
        "y": 278.5,
        "scale": 1.8500000000000034
    },
    "BloodDone": {
        "x": 415.5,
        "y": 272.5,
        "scale": 2.3000000000000025
    },
    "BatTitle": {
        "x": 463,
        "y": 277,
        "scale": 1.7000000000000033
    },
    "Wish": {
        "x": 429.5,
        "y": 251,
        "scale": 4.399999999999995
    },
    "Cloak": {
        "x": 470,
        "y": 282.5,
        "scale": 1.9000000000000035
    },
    "AutoPet": {
        "x": 484.5,
        "y": 282.5,
        "scale": 3
    },
    "p3StartTimer": {
        "x": 475.5,
        "y": 269,
        "scale": 1.6500000000000032
    },
    "goldorTickTimer": {
        "x": 481.5,
        "y": 326,
        "scale": 3.4999999999999982
    },
    "MelodyWarning": {
        "x": 497,
        "y": 316.5,
        "scale": 1.6500000000000006
    },
    "key": "",
    "p3StartTimert": {
        "x": 213.5,
        "y": 130,
        "scale": 3
    },
    "SectionDone": {
        "scale": 3.049999999999997,
        "x": 576.5,
        "y": 474.5
    }
}